{
    "model": "Custom CNN",
    "number_of_classes": 100,
    "training_images": 5000,
    "validation_images": 1100,
    "testing_images": 1100,
    "image_size": 224,
    "batch_size": 4,
    "best_validation_accuracy": 0.7354545454545455,
    "test_loss": 0.6533077194338495,
    "top_1_accuracy": 0.889090909090909,
    "top_5_accuracy": 0.9981818181818182,
    "average_inference_ms_per_image": 22.448528363628697,
    "parameter_count": 127332,
    "training_seconds": 2830.931996899977
}