{
    "model": "ConvNeXt-Tiny",
    "number_of_classes": 100,
    "training_images": 5000,
    "validation_images": 1100,
    "testing_images": 1100,
    "image_size": 224,
    "batch_size": 4,
    "best_validation_accuracy": 0.9972727272727273,
    "test_loss": 0.003560595119779464,
    "top_1_accuracy": 1.0,
    "top_5_accuracy": 1.0,
    "average_inference_ms_per_image": 118.45577272729398,
    "total_parameter_count": 27897028,
    "trainable_parameter_count": 78436,
    "training_seconds": 6105.343220700073
}